FID,LSOA21CD,LSOA21NM,LSOA21NMW,BNG_E,BNG_N,LAT,LONG,GlobalID,Shape_Leng,Shape__Are,Shape__Len,5min Bus Accessibility_LONG,Coverage_p,HubDist,Distance,NormDist,Acc,No Car or vans in household(%),IMD_Rank,Decile,IMDScore
3380,E01003543,Newham 001A,,540727,185689,51.5526,0.028398,3c4015e5-b53b-468b-8e5e-7a0f7e47c00b,2423.886218,165618.6814,2423.886218,0.028398,38,218.400132,0.33,0.67,19.335,47.7,11912,4,23.221
3381,E01003544,Newham 001B,,539998,185584,51.5518,0.017849,0f544968-717a-481e-aeab-101fd55d6eec,3592.260772,151732.9786,3592.260772,0.017849,22,291.3132106,0.45,0.55,11.275,47.7,8651,3,28.703
3383,E01003546,Newham 001C,,540377,185589,51.5517,0.023314,350a7a12-bc03-4ff4-8b7f-17637da4fc23,2618.680494,116185.7708,2618.680494,0.023314,58,184.2609765,0.28,0.72,29.36,47.7,6455,2,33.531
3387,E01003550,Newham 001D,,540300,185913,51.5547,0.022333,1c4199a5-8324-4e58-808c-813053ecf209,2455.695286,115734.5419,2455.695286,0.022333,82,80.83607988,0.11,0.89,41.445,47.7,9615,3,26.959
3413,E01003576,Newham 002A,,542934,185981,51.5546,0.060327,197dd817-dba0-4955-a9c0-080f12cb4f6a,3099.615087,149613.3477,3099.615087,0.060327,94,39.76040686,0.04,0.96,47.48,47.3,4849,2,38.074
3418,E01003581,Newham 002B,,542735,185695,51.5521,0.057343,0677f5c4-f130-4776-9275-294f96156959,1639.118912,101581.8062,1639.118912,0.057343,75,78.47842547,0.1,0.9,37.95,47.3,9714,3,26.783
3419,E01003582,Newham 002C,,543098,185587,51.551,0.062531,473d31f6-c96b-4963-a02b-d26d99771e85,1567.680582,85713.98265,1567.680582,0.062531,50,175.546708,0.26,0.74,25.37,47.3,7600,3,30.905
3420,E01003583,Newham 002D,,542961,185391,51.5493,0.060477,2ecc98b5-8a69-4828-b7e9-5cac3965001b,1830.764946,98123.37259,1830.764946,0.060477,79,69.5323709,0.09,0.91,39.955,47.3,8779,3,28.482
3415,E01003578,Newham 003A,,542324,186274,51.5574,0.051653,261f8f22-4ea4-4e9d-a72d-90f8850c02ac,4989.852426,828028.2005,4989.852426,0.051653,14,444.4110695,0.7,0.3,7.15,45.7,10059,4,26.188
3421,E01003584,Newham 003B,,541552,185627,51.5518,0.040265,b0289333-7115-4ebb-89a8-883d8f7b2cb5,3793.350765,332006.1664,3793.350765,0.040265,12,398.1474231,0.63,0.37,6.185,45.7,8266,3,29.49
3423,E01003586,Newham 003C,,541649,185146,51.5474,0.041469,8708ad30-d2c3-4dc7-807e-d71944fdce63,2054.965174,149160.4492,2054.965174,0.041469,62,106.6171434,0.15,0.85,31.425,45.7,8043,3,29.95
3427,E01003590,Newham 003D,,541939,185859,51.5538,0.045936,e4530e34-1b81-4508-a862-b1c49991c196,3944.953298,257712.0758,3944.953298,0.045936,67,65.30721321,0.08,0.92,33.96,45.7,4780,2,38.34
3416,E01003579,Newham 004A,,542654,185397,51.5494,0.056055,16f830a0-1187-4975-bac4-911c3a816dac,1968.638221,98302.28942,1968.638221,0.056055,47,205.2240013,0.31,0.69,23.845,49.5,8778,3,28.483
3422,E01003585,Newham 004B,,542396,185452,51.55,0.052359,fcdada16-a317-4b27-9405-b9de987cc641,1580.553693,72930.12492,1580.553693,0.052359,18,277.8548572,0.43,0.57,9.285,49.5,9049,3,27.968
3424,E01003587,Newham 004C,,542073,185263,51.5484,0.047627,a2c52491-da2c-4ec2-910d-c41fc727dac4,3325.452334,161177.65,3325.452334,0.047627,64,171.0548803,0.25,0.75,32.375,49.5,9006,3,28.048
3428,E01003591,Newham 004D,,542150,185588,51.5513,0.048868,3f60323c-3e87-4e67-b096-e4c7cbc9333e,2697.650088,164584.2449,2697.650088,0.048868,87,16.28833639,0,1,44,49.5,6209,2,34.139
3365,E01003528,Newham 005A,,542962,184844,51.5444,0.060269,4e5cd327-9295-4026-84c7-1aeeaf70aecf,1965.712803,79663.2829,1965.712803,0.060269,31,232.7511477,0.36,0.64,15.82,44.9,7853,3,30.372
3412,E01003575,Newham 005B,,542792,185153,51.5472,0.057945,83ee8c77-d264-4ac1-83f3-741e57201a3a,2284.17757,147304.52,2284.17757,0.057945,41,145.7952017,0.21,0.79,20.895,44.9,8100,3,29.833
3414,E01003577,Newham 005C,,543272,185919,51.554,0.065174,8d5577c8-b6b1-4c45-820e-d09f6f3f94c6,2459.354643,174715.6889,2459.354643,0.065174,22,277.7038104,0.43,0.57,11.285,44.9,4012,2,40.868
3417,E01003580,Newham 005D,,543316,185201,51.5475,0.065516,85beb7ee-a8a2-47a4-8ad0-ba95f89c6e02,2025.223577,223495.0629,2025.223577,0.065516,3.1,388.4818071,0.61,0.39,1.745,44.9,6741,3,32.832
3382,E01003545,Newham 006A,,539867,185291,51.5492,0.015845,c73a971e-4e67-4a5b-9251-c04c9f143e42,2766.380855,169655.9249,2766.380855,0.015845,42,202.4027907,0.31,0.69,21.345,53.7,9504,3,27.152
3385,E01003548,Newham 006B,,539429,185445,51.5507,0.009593,28ed12b1-fde2-42c1-9a77-577936c3a7c8,3152.822924,230068.4264,3152.822924,0.009593,26,344.7586879,0.54,0.46,13.23,53.7,12546,4,22.286
3386,E01003549,Newham 006C,,539569,185177,51.5482,0.011505,d1277b13-1267-4254-bac2-c420547ca945,2267.846897,118320.659,2267.846897,0.011505,66,138.0624538,0.2,0.8,33.4,53.7,10418,4,25.608
3394,E01003557,Newham 006D,,539956,185060,51.5471,0.017036,a945d5c2-149f-4a46-b97b-ef2c55a73a88,2852.2375,176312.037,2852.2375,0.017036,75,160.2374688,0.24,0.76,37.88,53.7,5271,2,36.797
3384,E01003547,Newham 007A,,541032,185709,51.5527,0.032803,7d61b1df-caf4-4eb8-ae02-979f62b21b5e,2328.653402,178213.3824,2328.653402,0.032803,0,536.8490252,0.85,0.15,0.075,41.1,15291,5,18.936
3392,E01003555,Newham 007B,,541054,185293,51.5489,0.032953,298c6b23-31f3-42d0-abcb-e29b4d033fbc,2161.662427,168528.2625,2161.662427,0.032953,36,220.0459666,0.33,0.67,18.335,41.1,10282,4,25.848
3398,E01003561,Newham 007C,,541314,184910,51.5454,0.036547,83086a89-0b0e-460d-a8ab-b5aef563332d,2194.416272,79551.92329,2194.416272,0.036547,92,61.27709682,0.07,0.93,46.465,41.1,11544,4,23.743
3404,E01003567,Newham 007D,,541122,184960,51.5459,0.0338,5106b813-e351-4f80-896b-ec23750ecc4e,1663.375086,98159.67957,1663.375086,0.0338,92,153.1899438,0.22,0.78,46.39,41.1,7033,3,32.133
3393,E01003556,Newham 008A,,540576,185184,51.548,0.02602,086cd3cd-60bd-4cc6-8158-f91d08248aa4,2115.949436,138028.7688,2115.949436,0.02602,74,117.134765,0.17,0.83,37.415,51.2,3646,2,42.29
3395,E01003558,Newham 008B,,540432,184873,51.5453,0.023821,de6093cc-663b-4610-a8a8-84c635cf544c,2242.601808,150344.8925,2242.601808,0.023821,85,111.2820766,0.16,0.84,42.92,51.2,4804,2,38.255
3407,E01003570,Newham 008C,,540807,184874,51.5452,0.029226,2508a3df-4aa3-4c37-83f6-cfe1293f6bdc,1818.724733,102583.0207,1818.724733,0.029226,81,183.3874223,0.27,0.73,40.865,51.2,7384,3,31.336
3408,E01003571,Newham 008D,,540839,184672,51.5434,0.029606,703e5e8d-cb50-419e-a30b-ac76bc11dcca,1991.708032,105063.8665,1991.708032,0.029606,69,201.3621329,0.3,0.7,34.85,51.2,9039,3,27.983
3409,E01003572,Newham 008E,,540555,184464,51.5416,0.025431,048cd9b6-4863-4271-980b-e9bd517a6293,1662.724723,93765.97794,1662.724723,0.025431,88,54.00450391,0.06,0.94,44.47,51.2,9158,3,27.781
3388,E01003551,Newham 009A,,540065,184741,51.5442,0.01848,8d2a7ad6-6d56-42a5-b498-8915408e38f3,1717.3069,95354.01312,1717.3069,0.01848,65,141.4399579,0.21,0.79,32.895,58.9,5894,2,34.983
3390,E01003553,Newham 009B,,539694,184821,51.545,0.013165,be551d7d-c3b1-4e97-880e-dcce7bcbc766,1900.108169,104076.3767,1900.108169,0.013165,74,120.3320959,0.17,0.83,37.415,58.9,5596,2,35.838
3391,E01003554,Newham 009C,,539810,184489,51.542,0.014705,69335914-c265-4dc8-bfa0-c2e413e62fe9,1849.64639,97792.53904,1849.64639,0.014705,21,220.956902,0.34,0.66,10.83,58.9,12839,4,21.902
3396,E01003559,Newham 009D,,539403,184822,51.5451,0.008972,0652f86a-563f-4c65-b4b7-2d83016840a9,2542.630518,154925.4576,2542.630518,0.008972,90,77.90378583,0.1,0.9,45.45,58.9,13767,5,20.714
3366,E01003529,Newham 010A,,542389,184738,51.5436,0.051969,14922776-c369-40be-bff7-746a64787f4b,2070.172669,117871.1451,2070.172669,0.051969,83,117.298754,0.17,0.83,41.915,43.6,11784,4,23.37
3367,E01003530,Newham 010B,,542756,184705,51.5432,0.057244,72baffb8-0cca-457f-952c-48f8611f9c6d,1615.823317,120731.1654,1615.823317,0.057244,48,180.2725442,0.27,0.73,24.365,43.6,12818,4,21.945
3368,E01003531,Newham 010C,,542070,184413,51.5407,0.047241,c0882768-10c7-45af-bb93-d65624ff3fb2,2412.356332,222401.0347,2412.356332,0.047241,70,92.54768373,0.13,0.87,35.435,43.6,8410,3,29.192
3369,E01003532,Newham 010D,,542506,184504,51.5415,0.05356,648e0129-436c-4231-a9a4-92dc7b45d9db,1746.925609,111865.9545,1746.925609,0.05356,95,86.42842079,0.12,0.88,47.94,43.6,10613,4,25.259
3371,E01003534,Newham 010E,,542433,185053,51.5464,0.05273,4a9aacf2-f8e4-475d-81aa-28b7fce7474e,1817.606305,137215.3385,1817.606305,0.05273,58,209.8462163,0.32,0.68,29.34,43.6,10661,4,25.169
3370,E01003533,Newham 011A,,541735,184264,51.5395,0.042354,88548508-ee95-4fbf-a337-9dc854e19183,1946.087911,114452.16,1946.087911,0.042354,81,104.8551873,0.15,0.85,40.925,40.9,9258,3,27.567
3397,E01003560,Newham 011B,,541506,184826,51.5446,0.03928,eda7bbd6-6404-4f1f-86f8-311bde89f7c6,1258.543549,79389.43534,1258.543549,0.03928,40,177.0290134,0.26,0.74,20.37,40.9,9022,3,28.024
3400,E01003563,Newham 011C,,541583,184562,51.5422,0.040283,ce7704c7-7a42-4df5-8d2e-e152e11d008a,1413.378818,91063.65065,1413.378818,0.040283,40,200.7040778,0.3,0.7,20.35,40.9,9532,3,27.104
3425,E01003588,Newham 011D,,541794,184904,51.5452,0.043461,c6e0b592-b250-40b8-926c-52d0f925bca5,1762.341287,74496.91395,1762.341287,0.043461,17,317.7081673,0.49,0.51,8.755,40.9,8411,3,29.189
3426,E01003589,Newham 011E,,541975,184764,51.5439,0.046013,f06d9cee-ec5a-4fcb-ae4d-c57c8c315276,1620.094894,137437.0081,1620.094894,0.046013,25,276.9477176,0.43,0.57,12.785,40.9,9696,3,26.805
3447,E01003616,Newham 012A,,539048,185067,51.5474,0.003952,fe57992a-27f5-4e65-8dbf-2a9f28581f3e,2704.518572,145546.4306,2704.518572,0.003952,54,235.4274628,0.36,0.64,27.32,67,8296,3,29.41
3448,E01003618,Newham 012C,,539288,184464,51.5419,0.007173,792f5692-1451-472b-aaa5-129ceeb9f92a,2285.939582,160469.1146,2285.939582,0.007173,71,62.5454918,0.08,0.92,35.96,67,9706,3,26.797
3449,E01003619,Newham 012D,,538893,184114,51.5388,0.001343,6c608c10-48ef-4cc7-9b8b-d278a1cb3e29,3298.231221,254101.4631,3298.231221,0.001343,54,228.2537514,0.35,0.65,27.325,67,5784,2,35.297
32238,E01034199,Newham 012E,,538888,184896,51.5459,0.001579,6ca27274-1db1-4507-89d1-490b395a6cbf,2089.620825,105587.1947,2089.620825,0.001579,82,150.7700632,0.22,0.78,41.39,67,8005,3,30.044
32239,E01034200,Newham 012F,,538881,184529,51.5426,0.001334,cb262565-ee95-45f7-b7be-cd16ea6d66a7,1708.859851,127111.9692,1708.859851,0.001334,93,137.6598788,0.2,0.8,46.9,67,8005,3,30.044
3399,E01003562,Newham 014A,,541271,184571,51.5424,0.035791,088a8714-b38f-42e8-a0f2-a33cafc0b1a8,1946.357483,98370.33146,1946.357483,0.035791,97,105.1969894,0.15,0.85,48.925,41.1,10266,4,25.879
3401,E01003564,Newham 014B,,541277,184340,51.5403,0.035785,74d7b30d-b0f8-430a-83ad-5892e35ce667,1925.478242,108723.5874,1925.478242,0.035785,67,181.3291908,0.27,0.73,33.865,48.3,9354,3,27.393
3402,E01003565,Newham 014C,,541607,184076,51.5378,0.040434,ad01c6cc-e659-4dc6-881d-0a9ceab888a0,1316.243413,90240.8645,1316.243413,0.040434,94,88.42974531,0.12,0.88,47.44,48.3,10503,4,25.412
3403,E01003566,Newham 014D,,541316,183997,51.5372,0.036209,c35a7ce5-2cbb-4122-a324-e2880a80a97b,1672.800098,97230.3319,1672.800098,0.036209,90,55.11009442,0.06,0.94,45.47,48.3,7833,3,30.414
3454,E01003625,Newham 015A,,543141,184552,51.5417,0.06273,78839971-a2bc-47e5-b1c0-a57152cdeaae,3640.301713,318912.8923,3640.301713,0.06273,0,625.8927257,1,0,0,42.3,8697,3,28.623
3455,E01003626,Newham 015B,,542883,184414,51.5406,0.058957,6ab54e70-1e33-4636-ba0b-df30e87d6c94,1617.975951,102569.7356,1617.975951,0.058957,1.5,266.9340759,0.41,0.59,1.045,42.3,11413,4,23.921
3456,E01003627,Newham 015C,,542891,184141,51.5381,0.058961,72bf218b-2198-4ce5-9633-cebf0f261a66,1673.364415,76271.98174,1673.364415,0.058961,0,446.9799303,0.71,0.29,0.145,42.3,8805,3,28.43
3457,E01003628,Newham 015D,,543160,184049,51.5372,0.0628,6d8df474-b7cb-4f6c-8f4f-16436c241c89,2005.905125,92848.32485,2005.905125,0.0628,0,400.7627454,0.63,0.37,0.185,42.3,13234,5,21.405
3458,E01003629,Newham 015E,,542671,184031,51.5372,0.055747,1aa512d5-8de2-4deb-beef-61f58660c302,1149.62164,65132.94456,1149.62164,0.055747,0,272.3840772,0.42,0.58,0.29,42.3,9618,3,26.957
3389,E01003552,Newham 016A,,540201,184627,51.5431,0.020394,ae3a4f89-716e-4871-9178-ca10648e2c3b,1957.519894,106435.4352,1957.519894,0.020394,19,277.8549564,0.43,0.57,9.785,47.7,8113,3,29.808
3433,E01003596,Newham 016B,,540174,183795,51.5357,0.019674,b21f1e68-b2bf-4bde-ae7b-d964237908e0,2620.810812,111756.023,2620.810812,0.019674,78,31.25721445,0.02,0.98,39.49,47.7,10626,4,25.24
3434,E01003597,Newham 016C,,540535,183731,51.535,0.02485,778562db-4f0d-4026-b405-aff962e0d66d,1719.336137,89695.70461,1719.336137,0.02485,57,168.2828411,0.25,0.75,28.875,47.7,10384,4,25.676
3464,E01003635,Newham 016D,,539940,184058,51.5381,0.016407,5e820211-32e2-4068-a15e-7ca774fb4ec2,3748.525576,396524.8893,3748.525576,0.016407,45,199.37955,0.3,0.7,22.85,47.7,10995,4,24.619
3405,E01003568,Newham 017A,,540862,183816,51.5357,0.029595,ccfc64fc-7534-46d8-aae8-e9385ed21849,1608.013805,109774.6349,1608.013805,0.029595,28,226.5930891,0.34,0.66,14.33,47.2,11361,4,24.045
3406,E01003569,Newham 017B,,541044,183980,51.5371,0.032283,d044b13d-20e7-4586-95fa-ed7dd5f08fab,1642.686384,104757.9704,1642.686384,0.032283,90,56.16907518,0.07,0.93,45.465,47.2,9189,3,27.715
3410,E01003573,Newham 017C,,540979,184338,51.5403,0.03149,0c4f5589-0b37-49a0-8ec9-5b5d958ce6f9,1929.547386,99558.64574,1929.547386,0.03149,51,140.8247205,0.2,0.8,25.9,47.2,9549,3,27.069
3411,E01003574,Newham 017D,,540584,184186,51.5391,0.025737,af0b43c0-cbbf-4baa-b7f0-df976c46a9e9,2635.604574,189281.5593,2635.604574,0.025737,72,190.9000663,0.29,0.71,36.355,47.2,8339,3,29.332
3357,E01003520,Newham 018A,,542150,184069,51.5376,0.048255,34619c5f-2560-4577-a9a9-08d8c8b1e6fe,2441.052702,130230.6204,2441.052702,0.048255,56,104.7300347,0.15,0.85,28.425,51,9784,3,26.667
3358,E01003521,Newham 018B,,542572,183804,51.5351,0.054228,3dc86957-72a5-4ad6-9357-fd58fcf6dfa1,2207.138077,136301.0823,2207.138077,0.054228,86,74.82980804,0.1,0.9,43.45,51,8772,3,28.488
3359,E01003522,Newham 018C,,542194,183847,51.5356,0.048799,a49ea6bd-bd30-4b61-a1ae-4f787fa044db,1321.228795,78206.31834,1321.228795,0.048799,27,207.1732284,0.31,0.69,13.845,51,7371,3,31.365
3362,E01003525,Newham 018D,,542343,183605,51.5334,0.050849,55da863c-be9c-4540-9269-e061c13be263,2312.062608,129160.3486,2312.062608,0.050849,86,22.47159208,0.01,0.99,43.495,51,7708,3,30.664
3363,E01003526,Newham 018E,,542440,183342,51.531,0.05214,bab6e75f-95c2-4746-89da-54a6d70f9aca,2091.463336,107078.6944,2091.463336,0.05214,61,169.8706087,0.25,0.75,30.875,51,7996,3,30.073
3329,E01003488,Newham 019A,,541709,183657,51.534,0.041735,38b0cecb-efc9-40e6-a2fe-596ae596f7b8,2231.035641,130102.7559,2231.035641,0.041735,30,346.1918448,0.54,0.46,15.23,52,4059,2,40.69
3330,E01003489,Newham 019B,,541447,183584,51.5335,0.037931,2d5fdbe5-3180-4339-b378-1d149c0cc330,1671.189108,122658.6131,1671.189108,0.037931,61,137.0988116,0.2,0.8,30.9,52,6119,2,34.363
3331,E01003490,Newham 019C,,541886,183488,51.5325,0.044217,233c0330-5f24-43aa-b485-02583ca87179,2092.72715,100644.3679,2092.72715,0.044217,12,365.1892649,0.57,0.43,6.215,52,7543,3,31.017
3361,E01003524,Newham 019D,,542046,183617,51.5336,0.046574,93b53e4c-8af2-455e-b638-8902b8d55002,1728.325196,88078.38318,1728.325196,0.046574,45,164.2365294,0.24,0.76,22.88,52,8734,3,28.552
3460,E01003631,Newham 020A,,539338,183215,51.5307,0.0074,00a58efb-bc56-4593-a890-142a3fa97be0,2302.268563,165621.4174,2302.268563,0.0074,60,25.53596677,0.02,0.98,30.49,53,9440,3,27.243
3461,E01003632,Newham 020B,,539688,183337,51.5317,0.01249,12162e5c-a629-4d93-b5d6-efc8676357e3,1965.293203,136922.8911,1965.293203,0.01249,42,218.4453401,0.33,0.67,21.335,53,13571,5,20.975
3462,E01003633,Newham 020C,,539394,183577,51.5339,0.008349,8aa267dc-39e9-4566-af1a-905a2ef0133b,1826.383975,96301.01116,1826.383975,0.008349,89,20.80592461,0.01,0.99,44.995,53,4440,2,39.451
3463,E01003634,Newham 020D,,539072,183758,51.5356,0.003782,f0872b2e-ce5a-488e-a41f-9804497307b7,1745.833029,145213.7813,1745.833029,0.003782,27,211.3266674,0.32,0.68,13.84,53,7499,3,31.094
3465,E01003636,Newham 020E,,539385,184010,51.5378,0.008391,0a787fd3-c0e0-4e1a-b002-03ec4624658a,2611.089084,196109.3238,2611.089084,0.008391,67,61.89273093,0.07,0.93,33.965,53,6945,3,32.341
3435,E01003598,Newham 021A,,540249,183620,51.5341,0.020685,6564d00e-827c-486c-bdad-d489e53010e6,1698.957878,71890.86195,1698.957878,0.020685,70,142.2010099,0.21,0.79,35.395,52.7,7435,3,31.237
3437,E01003600,Newham 021B,,540243,183339,51.5316,0.020487,c6df4924-9ae3-452f-b88b-b9b4eabadf98,2713.253928,110210.8899,2713.253928,0.020487,89,74.04925536,0.09,0.91,44.955,52.7,6130,2,34.336
3459,E01003630,Newham 021C,,539856,183533,51.5334,0.014988,0529503c-8000-40ce-8ae4-c8e14633e3a2,2504.621678,104332.3324,2504.621678,0.014988,90,54.42157677,0.06,0.94,45.47,52.7,8101,3,29.832
3466,E01003637,Newham 021D,,539811,183780,51.5356,0.014438,78e82277-fe0e-4916-bd69-9af4cf79ced2,2113.94204,94156.0002,2113.94204,0.014438,51,186.8522732,0.28,0.72,25.86,52.7,12791,4,21.981
3332,E01003491,Newham 022A,,541240,183621,51.5338,0.034964,01d15f4e-0143-4f90-b761-843ebff331f4,1871.747978,103578.4404,1871.747978,0.034964,76,92.29625739,0.12,0.88,38.44,52.7,8256,3,29.506
3429,E01003592,Newham 022B,,540602,183403,51.532,0.025685,4a083700-9fb1-40dc-b866-1ad9a4a0cb9c,2228.972335,146191.5792,2228.972335,0.025685,20,274.8822562,0.42,0.58,10.29,52.7,6110,2,34.378
3436,E01003599,Newham 022C,,541005,183475,51.5326,0.031519,5c5f341c-ceaf-464e-bbe2-2e2b7405943a,2005.001422,133974.63,2005.001422,0.031519,2.4,376.6898228,0.59,0.41,1.405,52.7,7477,3,31.152
32240,E01034201,Newham 022E,,541031,183220,51.5303,0.031792,e6142eb9-869e-4f60-abaf-6887b9ac602d,1835.185497,70129.08408,1835.185497,0.031792,37,158.6942425,0.23,0.77,18.885,52.7,8735,3,28.551
32241,E01034202,Newham 022F,,540995,182984,51.5282,0.031179,1c961eb6-db17-4c90-9ca5-940c8945c45f,2079.107544,94315.5807,2079.107544,0.031179,65,157.5173586,0.23,0.77,32.885,52.7,8735,3,28.551
3372,E01003535,Newham 023A,,543827,182989,51.5275,0.071978,4cb8d7e0-44eb-4724-9615-44170972adc0,4155.89502,517094.9905,4155.89502,0.071978,42,298.2995496,0.46,0.54,21.27,42.4,3580,2,42.56
3373,E01003536,Newham 023B,,543342,182687,51.5249,0.064868,2a65a0ad-78d4-489e-b80b-f0b3d265f164,2547.3534,174708.6465,2547.3534,0.064868,68,127.8575025,0.18,0.82,34.41,42.4,8245,3,29.531
3450,E01003621,Newham 023C,,543045,183806,51.535,0.061044,ac6378cd-77ba-495f-b18c-9fd3562a7ba7,1224.947447,67052.44161,1224.947447,0.061044,46,204.6305873,0.31,0.69,23.345,42.4,12000,4,23.076
3451,E01003622,Newham 023D,,543459,183821,51.5351,0.067015,d9717c22-9f7a-45f9-b1e4-bb94a522c2c7,4186.930695,241545.4588,4186.930695,0.067015,58,77.51475996,0.1,0.9,29.45,42.4,6357,2,33.739
3452,E01003623,Newham 023E,,543560,183425,51.5315,0.068309,959281a1-c991-41fe-b28c-e9586d192838,2604.827915,272154.254,2604.827915,0.068309,38,263.4450369,0.41,0.59,19.295,42.4,7356,3,31.385
3360,E01003523,Newham 024A,,542718,183164,51.5294,0.056073,f392b6fe-68f4-492c-977f-459db106825e,2776.29239,205482.5934,2776.29239,0.056073,80,72.20739162,0.09,0.91,40.455,41.9,7292,3,31.507
3364,E01003527,Newham 024B,,542432,183056,51.5285,0.051909,56e06971-859b-4b47-a9ac-7c8ea616d8fe,1870.49485,164340.7824,1870.49485,0.051909,9.6,350.6202261,0.55,0.45,5.025,41.9,14394,5,19.947
3374,E01003537,Newham 024C,,542461,182728,51.5255,0.052194,3fa0cc11-4414-4bb6-9b9f-46cf68ffe1fc,2650.136319,193919.2966,2650.136319,0.052194,27,354.9201434,0.56,0.44,13.72,41.9,10573,4,25.312
3379,E01003542,Newham 024D,,542955,182907,51.527,0.059383,9dada3ff-cd1c-4a20-ad30-05bd18e6ec86,2538.004715,134232.7686,2538.004715,0.059383,79,122.7280733,0.17,0.83,39.915,41.9,6748,3,32.819
3453,E01003624,Newham 024E,,543079,183374,51.5312,0.061359,4bf9b1e8-a4e9-42eb-8f89-b8acbe5632c7,2388.956156,142823.1819,2388.956156,0.061359,50,166.754754,0.25,0.75,25.375,41.9,7229,3,31.648
3333,E01003492,Newham 025A,,541747,183067,51.5287,0.042045,be399d8c-645a-428d-a0f2-8c84df951e57,1961.6475,94042.06296,1961.6475,0.042045,93,46.90644593,0.05,0.95,46.975,41.9,10800,4,24.941
3334,E01003494,Newham 025C,,541699,182800,51.5263,0.041247,dd991fa8-7dc4-4567-a6b9-a319c1bf60d1,2054.601271,105741.8984,2054.601271,0.041247,89,132.3330363,0.19,0.81,44.905,41.9,13284,5,21.333
3335,E01003495,Newham 025D,,542018,182841,51.5266,0.045858,71d80515-2133-4190-8a81-378233102d50,1681.731202,118728.2427,1681.731202,0.045858,24,202.6994086,0.31,0.69,12.345,41.9,16134,5,17.983
32242,E01034203,Newham 025E,,541612,183341,51.5312,0.040211,aa503ab2-7461-4b00-ab21-49311656ea59,1319.036024,47395.577,1319.036024,0.040211,89,45.68102986,0.05,0.95,44.975,41.9,9393,3,27.328
32243,E01034204,Newham 025F,,541941,183202,51.5299,0.044894,609916f3-3eed-490f-b226-98864b719fcf,1466.983303,93534.62939,1466.983303,0.044894,45,174.4926599,0.26,0.74,22.87,41.9,9393,3,27.328
3431,E01003594,Newham 026A,,540164,182948,51.5281,0.019193,f7ef18e7-0875-494d-9a43-44d6019cec37,2251.880436,115949.3788,2251.880436,0.019193,79,214.5564381,0.33,0.67,39.835,51.4,8396,3,29.213
3432,E01003595,Newham 026B,,540420,183102,51.5294,0.022943,70b0d78a-2f12-4842-b23f-4a4ac9e3566e,1967.200314,92474.18372,1967.200314,0.022943,84,116.4982109,0.16,0.84,42.42,51.4,8140,3,29.76
3439,E01003602,Newham 026C,,540730,182460,51.5235,0.027152,aedc0e5b-4db5-4133-a57d-34b3750ef751,1979.284501,119266.5585,1979.284501,0.027152,92,103.1106057,0.14,0.86,46.43,51.4,10115,4,26.11
3443,E01003607,Newham 026D,,540705,182910,51.5276,0.026972,cd5f5415-ceda-4cee-ab47-94b088e8435e,1619.982393,125691.7658,1619.982393,0.026972,97,41.44954196,0.04,0.96,48.98,51.4,7786,3,30.506
3336,E01003496,Newham 027A,,539439,182881,51.5276,0.008723,be225b8c-7eee-486c-b5d8-c110003078a9,1895.383322,189437.6419,1895.383322,0.008723,28,279.8043065,0.43,0.57,14.285,54.5,8737,3,28.548
3338,E01003498,Newham 027B,,539913,182682,51.5257,0.015472,e452dd50-d05d-4836-9bb9-55ff72aa423e,3222.218106,233096.3287,3222.218106,0.015472,71,87.63717392,0.12,0.88,35.94,54.5,6586,3,33.218
3340,E01003500,Newham 027C,,539039,182529,51.5246,0.002821,ceed940e-0235-43be-9f78-70df3b15176b,5801.504342,741747.0923,5801.504342,0.002821,40,109.9033962,0.15,0.85,20.425,54.5,6133,2,34.325
3430,E01003593,Newham 027D,,539917,183105,51.5295,0.015697,78cb3e1b-e062-40b0-b3e2-56dcfac67a74,1425.84651,108849.6519,1425.84651,0.015697,58,151.9671858,0.22,0.78,29.39,54.5,6804,3,32.672
3438,E01003601,Newham 028A,,541151,182162,51.5207,0.033097,f5a4993b-6f45-4ead-ad37-23cbbe078cc1,3742.678535,353575.0436,3742.678535,0.033097,65,95.29722624,0.13,0.87,32.935,47.1,5153,2,37.186
3440,E01003603,Newham 028B,,541403,182628,51.5249,0.036914,56ec691e-929a-4df9-9a20-7eeef208ad89,2728.182523,202894.642,2728.182523,0.036914,77,161.7967738,0.24,0.76,38.88,47.1,12180,4,22.804
3442,E01003605,Newham 028C,,541278,183062,51.5288,0.035287,1539a9c5-450e-43b9-b92b-3f98367325fd,2155.784568,106143.0169,2155.784568,0.035287,85,120.9979573,0.17,0.83,42.915,47.1,8278,3,29.461
3444,E01003608,Newham 028D,,541192,182719,51.5257,0.033911,73b94e2d-de17-4d7c-a172-a654b4b1c05f,1618.946165,93026.70307,1618.946165,0.033911,19,272.6786467,0.42,0.58,9.79,47.1,11406,4,23.936
3375,E01003538,Newham 029A,,542715,182564,51.524,0.055787,7a4530d3-077f-4d8c-98b9-1d6ab5a264b5,2612.714837,173841.9746,2612.714837,0.055787,70,181.4795198,0.27,0.73,35.365,40.6,7064,3,32.047
3376,E01003539,Newham 029B,,541831,182379,51.5225,0.042979,efec0c32-bc11-490a-b529-615b7104c655,3092.573014,248369.4049,3092.573014,0.042979,64,86.22713163,0.11,0.89,32.445,40.6,9378,3,27.345
3377,E01003540,Newham 029C,,542904,182348,51.522,0.058422,0ae41806-4344-452d-b49d-acc664816c14,2822.274211,207694.9699,2822.274211,0.058422,68,66.60131823,0.08,0.92,34.46,40.6,4673,2,38.68
3378,E01003541,Newham 029D,,542406,182246,51.5212,0.051207,27e8c18e-d3fe-436c-b781-1f2c2c6fd655,2662.670508,160885.4195,2662.670508,0.051207,57,171.0251646,0.25,0.75,28.875,40.6,9496,3,27.163
3339,E01003499,Newham 030A,,540410,182453,51.5235,0.02254,23ee49c8-a698-4c59-9dcb-72351b346ee2,2501.009243,170409.2643,2501.009243,0.02254,75,102.1969448,0.14,0.86,37.93,58.7,4081,2,40.608
3341,E01003501,Newham 030B,,539873,182282,51.5221,0.014737,566adb54-0e67-47f9-baa8-9d25805cb98d,2752.782172,158394.8661,2752.782172,0.014737,48,256.1143485,0.39,0.61,24.305,58.7,5437,2,36.283
3342,E01003502,Newham 030C,,539982,181959,51.5192,0.016179,3bfd9f15-04f5-44c0-9014-547b105b5f37,3542.571067,150662.8052,3542.571067,0.016179,91,72.09229784,0.09,0.91,45.955,58.7,5384,2,36.469
3343,E01003503,Newham 030D,,539512,181779,51.5177,0.009338,0bbec239-b7ed-4e27-89b9-ea88df5c1376,3559.712898,147180.4195,3559.712898,0.009338,96,37.34233557,0.03,0.97,48.485,58.7,4459,2,39.386
3345,E01003507,Newham 031A,,540551,182118,51.5205,0.024438,c0ffff66-48f9-4806-b4d3-cad532124a34,2430.314866,142061.2399,2430.314866,0.024438,86,86.19015036,0.11,0.89,43.445,53.3,6282,2,33.98
3346,E01003508,Newham 031B,,540242,181711,51.5169,0.019825,0440a7a3-24af-4633-9e81-845f3e8c630b,2768.653138,130822.9872,2768.653138,0.019825,45,243.4071447,0.37,0.63,22.815,53.3,5231,2,36.928
3347,E01003509,Newham 031C,,540404,181943,51.519,0.022251,4ac9e4d6-982b-4c2f-95f0-ecf9fd74a1a1,1528.849843,104258.6346,1528.849843,0.022251,62,115.6030766,0.16,0.84,31.42,53.3,5736,2,35.443
3441,E01003604,Newham 031D,,540918,181954,51.5189,0.029658,c504b9a9-579c-48a9-bd05-b4290ca0383d,3112.329341,221401.6617,3112.329341,0.029658,55,25.46000833,0.02,0.98,27.99,53.3,5642,2,35.681
3324,E01003483,Newham 032A,,542083,181918,51.5183,0.046423,8e9e8fb2-9d54-482f-b9a2-02b50cd1ebb8,3401.529242,245330.0122,3401.529242,0.046423,19,240.0962393,0.37,0.63,9.815,39.6,5149,2,37.192
3325,E01003484,Newham 032B,,542576,181891,51.5179,0.053513,d32b6405-d641-4a7a-a058-64efd104a5e1,2122.883592,101182.2442,2122.883592,0.053513,36,171.4789152,0.25,0.75,18.375,39.6,12241,4,22.723
3353,E01003516,Newham 032C,,541339,181704,51.5166,0.035622,a4ecf1b3-4c8d-41c4-be68-6d50f770cb23,2508.148677,134899.7574,2508.148677,0.035622,89,50.3671816,0.06,0.94,44.97,39.6,4284,2,39.917
3355,E01003518,Newham 032D,,541604,181531,51.515,0.039369,bcfb09e6-45ca-47b1-abb3-ca322e3daca0,2768.300413,180621.0984,2768.300413,0.039369,59,98.50879463,0.13,0.87,29.935,39.6,12298,4,22.636
3356,E01003519,Newham 032E,,541249,181495,51.5147,0.034242,eeba4e91-2fc3-45f2-8b8d-721cb697e918,1333.974876,62241.23432,1333.974876,0.034242,48,191.4743529,0.29,0.71,24.355,39.6,8298,3,29.409
3322,E01003480,Newham 033A,,543539,180983,51.5095,0.067013,671516ba-9bd1-4af4-8c20-3dcb16d41e0b,3017.413843,285641.8728,3017.413843,0.067013,93,121.3285797,0.17,0.83,46.915,39.9,11375,4,24.019
3327,E01003486,Newham 033C,,543008,181564,51.5149,0.059602,ded6307f-36dd-4ded-b75e-87b8da5a879a,3672.879275,218542.8681,3672.879275,0.059602,83,65.74022452,0.08,0.92,41.96,45.9,2519,1,47.765
3328,E01003487,Newham 033D,,543528,181458,51.5138,0.067048,766e9b7b-a983-4098-880e-1cb9d5acdafc,2303.855556,124396.9524,2303.855556,0.067048,64,131.9126119,0.19,0.81,32.405,45.9,3338,2,43.594
32244,E01034205,Newham 033E,,544253,182297,51.5212,0.077831,57b3cf44-a162-45a7-8d86-0f740be5f639,8329.888437,2459509.545,8329.888437,0.077831,21,471.5274229,0.75,0.25,10.625,45.9,9464,3,27.209
32245,E01034206,Newham 033F,,544481,181408,51.5131,0.080751,4e26f9f9-646d-453f-8b7f-fe46f4abd341,6890.009894,1709632.01,6890.009894,0.080751,24,129.1099587,0.19,0.81,12.405,45.9,9464,3,27.209
32246,E01034207,Newham 033G,,544028,180743,51.5073,0.073956,1581dad5-5677-4ee6-9d89-4c0f9143029d,2345.591486,138309.225,2345.591486,0.073956,74,129.9265855,0.19,0.81,37.405,39.9,9464,3,27.209
3337,E01003497,Newham 034A,,538951,181936,51.5193,0.00132,23d6fd9d-6f3a-481a-89e9-6169333b1d98,5489.054054,732208.8611,5489.054054,0.00132,50,187.7332374,0.28,0.72,25.36,63.1,6552,2,33.279
3344,E01003506,Newham 034D,,540406,181014,51.5106,0.02191,8fc1e332-1080-4f6f-b942-5f5bc1836947,1700.262,106292.6411,1700.262,0.02191,88,89.93145086,0.12,0.88,44.44,63.1,3005,1,45.294
31673,E01033584,Newham 034I,,540063,181147,51.5119,0.017023,d3b6adff-bf75-4c06-a426-f91feb713a69,2558.205232,150662.1074,2558.205232,0.017023,73,40.57802655,0.04,0.96,36.98,63.1,3844,2,41.55
32247,E01034208,Newham 034J,,539829,181423,51.5144,0.013763,1f016b59-25bf-4708-99e2-b1fe8e3a88bd,2245.030162,149959.8945,2245.030162,0.013763,46,135.4129571,0.2,0.8,23.4,63.1,3823,2,41.668
32248,E01034209,Newham 034K,,539606,181321,51.5136,0.010511,e42d782e-3870-44d3-8069-8e6d19f2658f,3251.232265,177666.4473,3251.232265,0.010511,63,58.94818412,0.07,0.93,31.965,63.1,3823,2,41.668
32249,E01034210,Newham 034L,,539891,180958,51.5102,0.014471,56aac99c-d690-4b70-8010-d5052a730881,2083.349439,97068.44306,2083.349439,0.014471,96,165.5828109,0.24,0.76,48.38,63.1,11093,4,24.456
32250,E01034211,Newham 034M,,539675,180778,51.5087,0.011289,cf821cc2-bfcb-44ab-ac89-74b4ffebd5b0,3939.382976,378621.6919,3939.382976,0.011289,37,193.5320881,0.29,0.71,18.855,63.1,11093,4,24.456
32251,E01034212,Newham 034N,,540285,180688,51.5077,0.020037,fdbff5a5-8d0a-4cf8-afb5-981f5659f9cb,2603.173774,288258.5281,2603.173774,0.020037,36,252.4473044,0.39,0.61,18.305,63.1,15620,5,18.55
3321,E01003479,Newham 035A,,542478,181238,51.5121,0.051837,4c411bbe-9482-4c95-9442-b41fdc274cf1,3207.534659,302470.9692,3207.534659,0.051837,30,321.5510803,0.5,0.5,15.25,39.9,7984,3,30.088
3323,E01003481,Newham 035B,,542903,181059,51.5104,0.057885,01e307a9-a97c-44cf-9c1d-7fee0fb4a2c7,5126.449472,520039.3881,5126.449472,0.057885,65,33.43052117,0.03,0.97,32.985,39.9,8693,3,28.627
3326,E01003485,Newham 035C,,542352,181536,51.5148,0.050143,901cbe14-1b4a-4250-bb91-8f034c96b6a3,3145.559565,151102.5005,3145.559565,0.050143,43,203.8573455,0.31,0.69,21.845,39.9,11327,4,24.091
3350,E01003513,Newham 035D,,541939,181383,51.5135,0.044134,618e6517-702b-4860-a1df-d05d06079504,3846.290584,357718.1535,3846.290584,0.044134,56,26.76000647,0.02,0.98,28.49,39.9,12640,4,22.174
3348,E01003511,Newham 036A,,540263,181466,51.5147,0.02003,6e460906-cb2e-4cae-9ba7-d09c38909208,1761.598314,91744.28558,1761.598314,0.02003,4.3,346.7413771,0.54,0.46,2.38,48.1,5790,2,35.284
3349,E01003512,Newham 036B,,541060,181376,51.5137,0.031472,947436bc-c85d-4e5a-942d-a14a88d0cbf2,3407.782888,129007.5339,3407.782888,0.031472,65,85.13922018,0.11,0.89,32.945,48.1,5783,2,35.298
3351,E01003514,Newham 036C,,541514,181242,51.5124,0.037957,a81fa2be-74da-45a2-8997-0af1380996a2,2865.861702,177852.4584,2865.861702,0.037957,7,319.5701011,0.5,0.5,3.75,48.1,5315,2,36.673
3352,E01003515,Newham 036D,,541249,180905,51.5094,0.034006,2a2886cf-d7bd-4295-a82f-363e25684f57,6195.620921,745939.0429,6195.620922,0.034006,44,122.2917246,0.17,0.83,22.415,48.1,2533,1,47.7
3354,E01003517,Newham 036E,,540702,181629,51.5161,0.026417,800a3b8b-e30b-438e-9937-bedf56188a03,3713.241066,274535.2849,3713.241066,0.026417,71,40.73558642,0.04,0.96,35.98,48.1,2706,1,46.731
32252,E01034213,Newham 038A,,537786,185247,51.5493,-0.01417,8de54aaf-961d-445f-a845-b9706caa0328,2959.76643,298984.2405,2959.76643,-0.01417,10,416.9306746,0.66,0.34,5.17,68.3,9402,3,27.315
32253,E01034214,Newham 038B,,538086,185070,51.5476,-0.00991,066c3bc3-594f-48e3-a2fd-73ba58c942db,1175.335566,35287.99641,1175.335566,-0.00991,33,169.5775985,0.25,0.75,16.875,68.3,9402,3,27.315
32254,E01034215,Newham 038C,,538244,185039,51.5473,-0.00765,5d65417e-b4a4-4ceb-820c-111d3d1acf3a,1197.600001,37393.20223,1197.600001,-0.00765,100,60.04734276,0.07,0.93,50.465,68.3,9402,3,27.315
32255,E01034216,Newham 038D,,538370,184909,51.5461,-0.00588,295e0c8a-b354-4474-bb2f-ba1345b763f8,1608.550013,63381.43131,1608.550013,-0.00588,81,153.6590168,0.23,0.77,40.885,68.3,9402,3,27.315
32256,E01034217,Newham 038E,,537941,184700,51.5443,-0.01215,e2c152b7-7c20-4857-94e4-ec723993512c,3382.746586,289182.8606,3382.746586,-0.01215,35,236.7901026,0.36,0.64,17.82,68.3,9402,3,27.315
3446,E01003615,Newham 039A,,538925,185401,51.5504,0.002312,51dbd3bc-8d36-43bc-9759-4784273612bc,2064.56955,107997.1016,2064.56955,0.002312,40,151.8443737,0.22,0.78,20.39,66.2,9394,3,27.328
32257,E01034218,Newham 039B,,538294,185297,51.5496,-0.00682,ad9b6cd4-4326-4877-987c-a28b1d8711c2,4150.081312,206642.7347,4150.081312,-0.00682,74,107.6163275,0.15,0.85,37.425,66.2,9402,3,27.315
32258,E01034219,Newham 039C,,538631,184823,51.5453,-0.00215,d1684455-26ce-46e0-875b-c69e4ab18848,2611.052915,161880.4944,2611.052915,-0.00215,84,135.2251878,0.2,0.8,42.4,66.2,9402,3,27.315
32259,E01034220,Newham 039D,,538390,184501,51.5424,-0.00575,bb77ce84-dd81-4c71-b6c1-6d7627e56d9d,4251.109643,338280.6751,4251.109643,-0.00575,74,132.7580935,0.19,0.81,37.405,66.2,9402,3,27.315
32260,E01034221,Newham 039E,,538379,184026,51.5382,-0.0061,e907d513-591a-4743-be41-975a19c7562c,2287.755158,146415.155,2287.755158,-0.0061,82,56.83325333,0.07,0.93,41.465,66.2,9402,3,27.315
32261,E01034222,Newham 040A,,537952,183980,51.5379,-0.01227,2dc21b9d-32a2-4287-a6a9-f9fc5e40c49c,3598.900084,507018.183,3598.900084,-0.01227,50,147.0490013,0.21,0.79,25.395,70.8,9454,3,27.216
32262,E01034223,Newham 040B,,538393,183640,51.5347,-0.00605,8f8b4354-b23c-4596-b2ed-9a53bfaad4c5,1564.560629,60628.66019,1564.560629,-0.00605,98,34.4772676,0.03,0.97,49.485,70.8,9454,3,27.216
31669,E01033579,Newham 040C,,537880,183346,51.5322,-0.01355,87219046-438d-4e06-824e-c239bb645b9a,3995.373558,440232.4489,3995.373558,-0.01355,26,250.4748291,0.38,0.62,13.31,70.8,13477,5,21.114
31674,E01033586,Newham 040D,,538630,183273,51.5313,-0.00278,ee768a2e-5d45-42a1-81fb-72c0b72372e0,4050.026863,751365.3644,4050.026863,-0.00278,8.8,490.2765133,0.78,0.22,4.51,70.8,6075,2,34.463
31671,E01033581,Newham 041A,,543164,180295,51.5035,0.061334,cc63c4e7-42f1-47d8-854a-0282bcaf2e21,8170.43554,1313018.582,8170.43554,0.061334,32,259.9179849,0.4,0.6,16.3,48.8,5906,2,34.941
31672,E01033582,Newham 041B,,543829,179993,51.5006,0.070785,a8b36e3c-9254-4d4b-a0fc-378fdb432db4,4217.685611,569190.7431,4217.685611,0.070785,16,201.9759416,0.3,0.7,8.35,48.8,19333,6,14.606
3445,E01003611,Newham 041C,,543253,179952,51.5004,0.062476,26acc73e-f492-4b32-9dfe-51bc60a0f330,2146.532846,149940.536,2146.532846,0.062476,96,36.70159397,0.03,0.97,48.485,48.8,7348,3,31.396
32263,E01034224,Newham 041D,,542100,180035,51.5014,0.045909,c4f194a6-07dd-4c9a-93aa-5fec5d54b9de,6188.586506,956212.0274,6188.586506,0.045909,31,251.2315252,0.39,0.61,15.805,48.8,12030,4,23.035
31670,E01033580,Newham 042A,,540729,180295,51.5041,0.026274,839b3938-f45e-4344-a36c-eece25f5db95,2868.930709,84007.97854,2868.930709,0.026274,17,186.2453772,0.28,0.72,8.86,60.1,25889,8,8.919
32264,E01034225,Newham 042B,,541442,180222,51.5032,0.036511,fea816d5-53b8-484f-9aeb-0fb6410998e2,4324.928562,439124.5717,4324.928562,0.036511,55,134.998993,0.19,0.81,27.905,60.1,12030,4,23.035
32265,E01034226,Newham 042C,,541453,180028,51.5015,0.036591,308d4f88-1ecc-4368-be14-40c73b6a370b,1112.782089,38785.22987,1112.782089,0.036591,55,145.9216355,0.21,0.79,27.895,60.1,12030,4,23.035
32266,E01034227,Newham 042D,,540832,180017,51.5015,0.027646,5063ad7e-90b4-4d4a-98e1-a916758f3f2d,1090.987101,45771.19984,1090.987101,0.027646,98,76.62068533,0.1,0.9,49.45,60.1,15262,5,18.966
32267,E01034228,Newham 042E,,541142,179944,51.5008,0.03208,7e4dc8e0-7d4d-4906-8653-7cdc25df52e1,1366.897241,64095.44552,1366.897241,0.03208,25,190.1577502,0.29,0.71,12.855,60.1,15262,5,18.966
32268,E01034229,Newham 042F,,540348,180091,51.5023,0.020707,7213b852-7ae5-4095-b697-902ba47401ac,4557.658246,773634.6402,4557.658246,0.020707,13,285.6184678,0.44,0.56,6.78,60.1,15262,5,18.966
32269,E01034230,Newham 042G,,540782,179864,51.5002,0.026865,13d4c8c9-46de-4859-8105-7478feabdad0,1077.906144,42165.54365,1077.906144,0.026865,96,51.0460473,0.06,0.94,48.47,60.1,15262,5,18.966
32270,E01034231,Newham 042H,,541278,179820,51.4997,0.033988,bb250f94-974c-40e5-933a-399d7f9936e4,2667.099311,317128.0361,2667.099311,0.033988,7.8,398.0679911,0.63,0.37,4.085,60.1,15262,5,18.966
